country,countriesWhereAbortionIsIllegal_legality,ISO2
India,To preserve health/on socioeconomic grounds,IN
United States,Varies by state,US
Indonesia,To save the mothers life,ID
Pakistan,To preserve physical health,PK
Nigeria,To save the mothers life,NG
Brazil,To save the mothers life,BR
Bangladesh,To save the mothers life,BD
Russia,No restriction,Not Found
Ethiopia,To preserve physical health,ET
Mexico,To save the mothers life,MX
Japan,To preserve health/on socioeconomic grounds,JP
Philippines,Prohibited altogether,PH
Egypt,To save the mothers life,EG
DR Congo,Prohibited altogether,Not Found
Vietnam,No restriction,Not Found
Iran,To save the mothers life,Not Found
Turkey,No restriction,Not Found
Germany,No restriction,DE
Thailand,To preserve physical/mental health,TH
Tanzania,To save the mothers life,Not Found
United Kingdom,To preserve health/on socioeconomic grounds,GB
France,No restriction,FR
South Africa,No restriction,ZA
Italy,No restriction,IT
Kenya,To preserve physical health,KE
Myanmar,To save the mothers life,MM
Colombia,To preserve physical/mental health,CO
South Korea,To preserve physical health,Not Found
Uganda,To save the mothers life,UG
Sudan,To save the mothers life,SD
Spain,No restriction,ES
Iraq,Prohibited altogether,IQ
Algeria,To preserve physical/mental health,DZ
Argentina,No restriction,AR
Afghanistan,To save the mothers life,AF
Poland,To preserve physical health,PL
Canada,No restriction,CA
Morocco,To preserve physical health,MA
Ukraine,No restriction,UA
Angola,Prohibited altogether,AO
Saudi Arabia,To preserve physical health,SA
Uzbekistan,No restriction,UZ
Yemen,To save the mothers life,YE
Mozambique,To preserve physical/mental health,MZ
Ghana,To preserve physical/mental health,GH
Peru,To preserve physical health,PE
Malaysia,To preserve physical/mental health,MY
Nepal,No restriction,NP
Madagascar,Prohibited altogether,MG
Ivory Coast,To save the mothers life,Not Found
Venezuela,To save the mothers life,Not Found
Cameroon,To preserve physical health,CM
Niger,To preserve physical health,NE
Australia,No restriction,AU
North Korea,No restriction,Not Found
Syria,To save the mothers life,Not Found
Mali,To save the mothers life,ML
Taiwan,To preserve health/on socioeconomic grounds,Not Found
Burkina Faso,To preserve physical health,BF
Sri Lanka,To save the mothers life,LK
Malawi,To save the mothers life,MW
Zambia,To preserve health/on socioeconomic grounds,ZM
Kazakhstan,No restriction,KZ
Chile,To save the mothers life,CL
Romania,No restriction,RO
Chad,To preserve physical health,TD
Somalia,To save the mothers life,SO
Ecuador,To preserve physical health,EC
Guatemala,To save the mothers life,GT
Senegal,Prohibited altogether,SN
Netherlands,No restriction,NL
Cambodia,No restriction,KH
Zimbabwe,To preserve physical health,ZW
Guinea,To preserve physical health,GN
Rwanda,To preserve physical health,RW
Benin,To preserve physical health,BJ
Burundi,To preserve physical health,BI
Bolivia,To preserve physical health,Not Found
Tunisia,No restriction,TN
Haiti,Prohibited altogether,HT
Belgium,No restriction,BE
Dominican Republic,Prohibited altogether,DO
Jordan,To preserve physical health,JO
South Sudan,To save the mothers life,SS
Cuba,No restriction,CU
Honduras,Prohibited altogether,HN
Sweden,No restriction,SE
Papua New Guinea,To save the mothers life,PG
Czech Republic,No restriction,Not Found
Azerbaijan,No restriction,AZ
Tajikistan,No restriction,TJ
Greece,No restriction,GR
Portugal,No restriction,PT
Hungary,No restriction,HU
United Arab Emirates,To save the mothers life,AE
Belarus,No restriction,BY
Israel,To preserve physical/mental health,IL
Togo,To preserve physical health,TG
Sierra Leone,To preserve physical/mental health,SL
Austria,No restriction,AT
Switzerland,No restriction,CH
Laos,Prohibited altogether,Not Found
Hong Kong,To preserve health/on socioeconomic grounds,HK
Nicaragua,Prohibited altogether,NI
Serbia,No restriction,RS
Libya,To save the mothers life,LY
Paraguay,To save the mothers life,PY
Kyrgyzstan,No restriction,KG
Bulgaria,No restriction,BG
Turkmenistan,No restriction,TM
El Salvador,Prohibited altogether,SV
Republic of the Congo,Prohibited altogether,Not Found
Singapore,No restriction,SG
Denmark,No restriction,DK
Central African Republic,To preserve physical health,CF
Slovakia,No restriction,SK
Finland,To preserve health/on socioeconomic grounds,FI
Liberia,To preserve physical/mental health,LR
Norway,No restriction,NO
New Zealand,No restriction before 20 weeks,NZ
Costa Rica,To preserve physical health,CR
Lebanon,To save the mothers life,LB
Ireland,No restriction before 12 weeks,IE
Mauritania,Prohibited altogether,MR
Oman,To save the mothers life,OM
Panama,To save the mothers life,PA
Kuwait,To preserve physical health,KW
Croatia,No restriction,HR
Eritrea,To preserve physical/mental health,ER
Mongolia,No restriction,MN
Uruguay,No restriction,UY
Moldova,No restriction,Not Found
Bosnia and Herzegovina,No restriction,BA
Gambia,To preserve physical/mental health,GM
Albania,No restriction,AL
Jamaica,To preserve physical/mental health,JM
Armenia,No restriction,AM
Qatar,To preserve physical health,QA
Botswana,To preserve physical/mental health,BW
Lithuania,No restriction,LT
Namibia,To preserve physical/mental health,NA
Gabon,Prohibited altogether,GA
Lesotho,To preserve physical health,LS
Slovenia,No restriction,SI
North Macedonia,No restriction,MK
Latvia,No restriction,LV
Equatorial Guinea,To preserve physical health,GQ
Trinidad and Tobago,To preserve physical/mental health,TT
Bahrain,No restriction,BH
Timor-Leste,To save the mothers life,TL
Estonia,No restriction,EE
Mauritius,To preserve physical/mental health,MU
Cyprus,To preserve health/on socioeconomic grounds,CY
Eswatini,To preserve physical/mental health,SZ
Djibouti,To preserve physical health,DJ
Fiji,To preserve health/on socioeconomic grounds,FJ
Comoros,To preserve physical health,KM
Guyana,No restriction,GY
Bhutan,To save the mothers life,BT
Solomon Islands,To save the mothers life,SB
Luxembourg,No restriction,LU
Suriname,Prohibited altogether,SR
Montenegro,No restriction,ME
Cape Verde,No restriction,Not Found
Malta,Prohibited altogether,MT
Maldives,To preserve physical health,MV
Belize,To preserve health/on socioeconomic grounds,BZ
Bahamas,To preserve physical health,BS
Iceland,To preserve health/on socioeconomic grounds,IS
Vanuatu,To preserve physical health,VU
Barbados,To preserve health/on socioeconomic grounds,BB
Sao Tome and Principe,Prohibited altogether,ST
Samoa,To preserve physical/mental health,WS
Saint Lucia,To preserve physical/mental health,LC
Kiribati,To save the mothers life,KI
Grenada,To preserve physical health,GD
Micronesia,Prohibited altogether,Not Found
Tonga,Prohibited altogether,TO
Seychelles,To preserve physical/mental health,SC
Saint Vincent and the Grenadines,To preserve health/on socioeconomic grounds,VC
Antigua and Barbuda,To save the mothers life,AG
Andorra,Prohibited altogether,AD
Dominica,To save the mothers life,DM
Saint Kitts and Nevis,To preserve physical/mental health,KN
Marshall Islands,Prohibited altogether,MH
Liechtenstein,To preserve physical health,LI
Monaco,To preserve physical health,MC
San Marino,Prohibited altogether,SM
Palau,Prohibited altogether,PW
Nauru,To preserve physical/mental health,NR
Tuvalu,To save the mothers life,TV
